Link,Dead Link Count
https://en.wikipedia.org/w/index.php?search=Editnotices%2FGroup%2FUser%3AThe+wub&title=Special%3ASearch&fulltext=1&ns10=1,1
https://en.wikipedia.org/w/index.php?title=AEV_3_Kodiak&action=edit,1
https://en.wikipedia.org/w/index.php?title=Ahlul_Bayt_Digital_Islamic_Library_Project&action=edit&section=14,1
https://en.wikipedia.org/w/index.php?title=Special:Log&page=Nickel,1
https://en.wikipedia.org/w/index.php?title=Special:RecentChangesLinked&from=20200912175740&fromFormatted=17%3A57%2C+12+September+2020&target=Module%3ACategory_see_also,1
https://en.wikipedia.org/w/index.php?title=Special:RecentChangesLinked&from=20200912180308&fromFormatted=18%3A03%2C+12+September+2020&hideWikibase=0&target=Module%3ATemplate_test_case%2Fconfig,2
https://en.wikipedia.org/w/index.php?title=Special:RecentChangesLinked&from=20200912180324&fromFormatted=18%3A03%2C+12+September+2020&hidemyself=1&target=Module%3ATemplate_test_case%2Fconfig,1
https://en.wikipedia.org/w/index.php?title=Special:RecentChangesLinked&from=20200912180327&fromFormatted=18%3A03%2C+12+September+2020&hidenondamaging=1&target=Module%3ATemplate_test_case%2Fconfig,2
https://en.wikipedia.org/w/index.php?title=Special:RecentChangesLinked&from=20200912180328&fromFormatted=18%3A03%2C+12+September+2020&hidemyself=1&target=Module%3ATemplate_test_case%2Fconfig,3
https://en.wikipedia.org/w/index.php?title=Special:RecentChangesLinked&from=20200912180329&fromFormatted=18%3A03%2C+12+September+2020&hidemyself=1&hidebots=0&target=Module%3ATemplate_test_case%2Fconfig,3
https://en.wikipedia.org/w/index.php?title=Special:RecentChangesLinked&from=20200912180339&fromFormatted=18%3A03%2C+12+September+2020&hidemyself=1&hidebots=0&target=Module%3ATemplate_test_case%2Fconfig,6
https://en.wikipedia.org/w/index.php?title=Special:RecentChangesLinked&from=20200912180341&fromFormatted=18%3A03%2C+12+September+2020&hidemyself=1&hidebots=0&target=Module%3ATemplate_test_case%2Fconfig,1
https://en.wikipedia.org/w/index.php?title=Special:RecentChangesLinked&from=20200912180345&fromFormatted=18%3A03%2C+12+September+2020&hidemyself=1&hidebots=0&target=Module%3ATemplate_test_case%2Fconfig,9
https://en.wikipedia.org/w/index.php?title=Special:RecentChangesLinked&from=20200912180357&fromFormatted=18%3A03%2C+12+September+2020&userExpLevel=registered&hidemyself=1&hidebots=0&target=Module%3ATemplate_test_case%2Fconfig,2
https://en.wikipedia.org/w/index.php?title=Special:RecentChangesLinked&from=20200912180401&fromFormatted=18%3A04%2C+12+September+2020&userExpLevel=registered&hidemyself=1&hidebots=0&target=Module%3ATemplate_test_case%2Fconfig,5
https://en.wikipedia.org/w/index.php?title=Special:RecentChangesLinked&from=20200912180402&fromFormatted=18%3A04%2C+12+September+2020&userExpLevel=registered&hidemyself=1&hidebots=0&hidenondamaging=1&target=Module%3ATemplate_test_case%2Fconfig,2
https://en.wikipedia.org/w/index.php?title=Special:RecentChangesLinked&from=20200912180407&fromFormatted=18%3A04%2C+12+September+2020&userExpLevel=registered&hidemyself=1&hidebots=0&hidenondamaging=1&target=Module%3ATemplate_test_case%2Fconfig,1
https://en.wikipedia.org/w/index.php?title=Special:RecentChangesLinked&from=20200912180412&fromFormatted=18%3A04%2C+12+September+2020&userExpLevel=registered&hidemyself=1&hidebots=0&hidecategorization=0&target=Module%3ATemplate_test_case%2Fconfig,3
https://en.wikipedia.org/w/index.php?title=Special:RecentChangesLinked&from=20200912180412&fromFormatted=18%3A04%2C+12+September+2020&userExpLevel=registered&hidemyself=1&hidebots=0&hideminor=1&target=Module%3ATemplate_test_case%2Fconfig,3
https://en.wikipedia.org/w/index.php?title=Special:RecentChangesLinked&from=20200912180416&fromFormatted=18%3A04%2C+12+September+2020&userExpLevel=registered&hidemyself=1&hidebots=0&hideminor=1&target=Module%3ATemplate_test_case%2Fconfig,1
https://en.wikipedia.org/w/index.php?title=Special:RecentChangesLinked&from=20200912180418&fromFormatted=18%3A04%2C+12+September+2020&userExpLevel=registered&hidemyself=1&hidebots=0&hidecategorization=0&hideWikibase=0&target=Module%3ATemplate_test_case%2Fconfig,1
https://en.wikipedia.org/w/index.php?title=Special:RecentChangesLinked&from=20200912180420&fromFormatted=18%3A04%2C+12+September+2020&userExpLevel=registered&hidemyself=1&hidebots=0&hideminor=1&target=Module%3ATemplate_test_case%2Fconfig,2
https://en.wikipedia.org/w/index.php?title=Special:RecentChangesLinked&from=20200912180421&fromFormatted=18%3A04%2C+12+September+2020&userExpLevel=registered&hidemyself=1&hidebots=0&hidecategorization=0&target=Module%3ATemplate_test_case%2Fconfig,2
https://en.wikipedia.org/w/index.php?title=Special:RecentChangesLinked&from=20200912180422&fromFormatted=18%3A04%2C+12+September+2020&userExpLevel=registered&hidemyself=1&hidebots=0&hideminor=1&target=Module%3ATemplate_test_case%2Fconfig,4
https://en.wikipedia.org/w/index.php?title=Special:RecentChangesLinked&from=20200912180427&fromFormatted=18%3A04%2C+12+September+2020&userExpLevel=registered&hidemyself=1&hidebots=0&hidecategorization=0&hidenondamaging=1&target=Module%3ATemplate_test_case%2Fconfig,1
https://en.wikipedia.org/w/index.php?title=Special:RecentChangesLinked&from=20200912180432&fromFormatted=18%3A04%2C+12+September+2020&userExpLevel=registered&hidemyself=1&hidebots=0&hidecategorization=0&hidenondamaging=1&target=Module%3ATemplate_test_case%2Fconfig,10
https://en.wikipedia.org/w/index.php?title=Special:RecentChangesLinked&from=20200912180447&fromFormatted=18%3A04%2C+12+September+2020&userExpLevel=registered&hidemyself=1&hidecategorization=0&hidenondamaging=1&target=Module%3ATemplate_test_case%2Fconfig,2
https://en.wikipedia.org/w/index.php?title=Special:RecentChangesLinked&from=20200912180448&fromFormatted=18%3A04%2C+12+September+2020&userExpLevel=registered&hidemyself=1&hidebots=0&hidecategorization=0&hidenondamaging=1&limit=500&target=Module%3ATemplate_test_case%2Fconfig,6
https://en.wikipedia.org/w/index.php?title=Special:RecentChangesLinked&from=20200912180449&fromFormatted=18%3A04%2C+12+September+2020&userExpLevel=unregistered&hidemyself=1&hidebots=0&hidecategorization=0&hidenondamaging=1&target=Module%3ATemplate_test_case%2Fconfig,1
https://en.wikipedia.org/w/index.php?title=Special:RecentChangesLinked&from=20200912180455&fromFormatted=18%3A04%2C+12+September+2020&userExpLevel=unregistered&hidemyself=1&hidebots=0&hidecategorization=0&hidenondamaging=1&target=Module%3ATemplate_test_case%2Fconfig,2
https://en.wikipedia.org/w/index.php?title=Special:RecentChangesLinked&from=20200912180458&fromFormatted=18%3A04%2C+12+September+2020&userExpLevel=unregistered&hidemyself=1&hidebots=0&hidecategorization=0&hidenondamaging=1&target=Module%3ATemplate_test_case%2Fconfig,4
https://en.wikipedia.org/w/index.php?title=Special:RecentChangesLinked&from=20200912180516&fromFormatted=18%3A05%2C+12+September+2020&userExpLevel=unregistered&hidemyself=1&hidenondamaging=1&target=Module%3ATemplate_test_case%2Fconfig,1
https://en.wikipedia.org/w/index.php?title=Special:RecentChangesLinked&from=20200912180517&fromFormatted=18%3A05%2C+12+September+2020&userExpLevel=registered&hidemyself=1&target=Module%3ATemplate_test_case%2Fconfig,3
https://en.wikipedia.org/w/index.php?title=Special:RecentChangesLinked&from=20200912180518&fromFormatted=18%3A05%2C+12+September+2020&userExpLevel=registered&hidemyself=1&hidebots=0&hidenondamaging=1&target=Module%3ATemplate_test_case%2Fconfig,3
https://en.wikipedia.org/w/index.php?title=Special:RecentChangesLinked&from=20200912180528&fromFormatted=18%3A05%2C+12+September+2020&userExpLevel=registered&hidemyself=1&hidebots=0&hideWikibase=0&hidenondamaging=1&target=Module%3ATemplate_test_case%2Fconfig,1
https://en.wikipedia.org/w/index.php?title=Special:RecentChangesLinked&from=20200912180534&fromFormatted=18%3A05%2C+12+September+2020&userExpLevel=registered&hidemyself=1&hidebots=0&hideWikibase=0&hidenondamaging=1&target=Module%3ATemplate_test_case%2Fconfig,7
https://en.wikipedia.org/w/index.php?title=Special:RecentChangesLinked&from=20200912180535&fromFormatted=18%3A05%2C+12+September+2020&userExpLevel=registered&hidemyself=1&hideWikibase=0&hidenondamaging=1&target=Module%3ATemplate_test_case%2Fconfig,1
https://en.wikipedia.org/w/index.php?title=Special:RecentChangesLinked&from=20200912180600&fromFormatted=18%3A06%2C+12+September+2020&userExpLevel=registered&hidemyself=1&hideminor=1&hidecategorization=0&hidenondamaging=1&limit=250&target=Module%3ATemplate_test_case%2Fconfig,2
https://en.wikipedia.org/w/index.php?title=Special:RecentChangesLinked&from=20200912180635&fromFormatted=18%3A06%2C+12+September+2020&userExpLevel=registered&hidemyself=1&hidecategorization=0&hideWikibase=0&limit=250&target=Module%3ATemplate_test_case%2Fconfig,1
https://en.wikipedia.org/w/index.php?title=Special:RecentChangesLinked&from=20200912180638&fromFormatted=18%3A06%2C+12+September+2020&userExpLevel=unregistered&hidemyself=1&hidebots=0&hidecategorization=0&hideWikibase=0&limit=250&target=Module%3ATemplate_test_case%2Fconfig,2
https://en.wikipedia.org/w/index.php?title=Special:RecentChangesLinked&from=20200912180650&fromFormatted=18%3A06%2C+12+September+2020&userExpLevel=unregistered&hidemyself=1&hidebots=0&hidecategorization=0&hideWikibase=0&limit=250&target=Module%3ATemplate_test_case%2Fconfig,2
https://en.wikipedia.org/w/index.php?title=Special:RecentChangesLinked&hideWikibase=0&hidemyself=1&hidebots=0&from=20200912180329&target=Module%3ATemplate_test_case%2Fconfig,7
https://en.wikipedia.org/w/index.php?title=Special:RecentChangesLinked&hideWikibase=0&target=Module%3ATemplate_test_case%2Fconfig,2
https://en.wikipedia.org/w/index.php?title=Special:RecentChangesLinked&hideWikibase=0&userExpLevel=registered&hidemyself=1&hidebots=0&hidecategorization=0&from=20200912180412&target=Module%3ATemplate_test_case%2Fconfig,2
https://en.wikipedia.org/w/index.php?title=Special:RecentChangesLinked&hideWikibase=0&userExpLevel=registered&hidemyself=1&hidebots=0&hidecategorization=0&hidenondamaging=1&limit=500&from=20200912180448&target=Module%3ATemplate_test_case%2Fconfig,3
https://en.wikipedia.org/w/index.php?title=Special:RecentChangesLinked&hideWikibase=0&userExpLevel=registered&hidemyself=1&hidebots=0&hidecategorization=0&limit=250&from=20200912180600&target=Module%3ATemplate_test_case%2Fconfig,6
https://en.wikipedia.org/w/index.php?title=Special:RecentChangesLinked&hideWikibase=0&userExpLevel=registered&hidemyself=1&hidebots=0&hidenondamaging=1&from=20200912180518&target=Module%3ATemplate_test_case%2Fconfig,1
https://en.wikipedia.org/w/index.php?title=Special:RecentChangesLinked&hideWikibase=0&userExpLevel=unregistered&hidemyself=1&hidenondamaging=1&from=20200912180458&target=Module%3ATemplate_test_case%2Fconfig,9
https://en.wikipedia.org/w/index.php?title=Special:RecentChangesLinked&hideWikibase=1&hidemyself=1&hidebots=0&from=20200912180329&target=Module%3ATemplate_test_case%2Fconfig,1
https://en.wikipedia.org/w/index.php?title=Special:RecentChangesLinked&hideWikibase=1&hidemyself=1&target=Module%3ATemplate_test_case%2Fconfig,1
https://en.wikipedia.org/w/index.php?title=Special:RecentChangesLinked&hideWikibase=1&hidenondamaging=1&from=20200912180308&target=Module%3ATemplate_test_case%2Fconfig,2
https://en.wikipedia.org/w/index.php?title=Special:RecentChangesLinked&hideWikibase=1&target=Module%3ATemplate_test_case%2Fconfig,1
https://en.wikipedia.org/w/index.php?title=Special:RecentChangesLinked&hideWikibase=1&userExpLevel=registered&hidemyself=1&hidebots=0&hidecategorization=0&from=20200912180412&target=Module%3ATemplate_test_case%2Fconfig,1
https://en.wikipedia.org/w/index.php?title=Special:RecentChangesLinked&hideWikibase=1&userExpLevel=registered&hidemyself=1&hidebots=0&hidecategorization=0&limit=250&from=20200912180600&target=Module%3ATemplate_test_case%2Fconfig,1
https://en.wikipedia.org/w/index.php?title=Special:RecentChangesLinked&hideWikibase=1&userExpLevel=registered&hidemyself=1&hidebots=0&hidenondamaging=1&from=20200912180534&target=Module%3ATemplate_test_case%2Fconfig,6
https://en.wikipedia.org/w/index.php?title=Special:RecentChangesLinked&hidebots=0&hidemyself=1&target=Module%3ATemplate_test_case%2Fconfig,1
https://en.wikipedia.org/w/index.php?title=Special:RecentChangesLinked&hidebots=0&userExpLevel=registered&hidemyself=1&hideminor=1&hidecategorization=0&limit=250&from=20200912180600&target=Module%3ATemplate_test_case%2Fconfig,4
https://en.wikipedia.org/w/index.php?title=Special:RecentChangesLinked&hidebots=1&hidemyself=1&from=20200912180345&target=Module%3ATemplate_test_case%2Fconfig,1
https://en.wikipedia.org/w/index.php?title=Special:RecentChangesLinked&hidebots=1&userExpLevel=registered&hidemyself=1&from=20200912180345&target=Module%3ATemplate_test_case%2Fconfig,1
https://en.wikipedia.org/w/index.php?title=Special:RecentChangesLinked&hidebots=1&userExpLevel=registered&hidemyself=1&hidecategorization=0&hideWikibase=0&limit=250&from=20200912180600&target=Module%3ATemplate_test_case%2Fconfig,2
https://en.wikipedia.org/w/index.php?title=Special:RecentChangesLinked&hidebots=1&userExpLevel=registered&hidemyself=1&hidecategorization=0&hidenondamaging=1&from=20200912180432&target=Module%3ATemplate_test_case%2Fconfig,1
https://en.wikipedia.org/w/index.php?title=Special:RecentChangesLinked&hidebots=1&userExpLevel=registered&hidemyself=1&hideminor=1&hidenondamaging=1&limit=250&from=20200912180534&target=Module%3ATemplate_test_case%2Fconfig,6
https://en.wikipedia.org/w/index.php?title=Special:RecentChangesLinked&hidebots=1&userExpLevel=registered&hidemyself=1&hidenondamaging=1&from=20200912180534&target=Module%3ATemplate_test_case%2Fconfig,1
https://en.wikipedia.org/w/index.php?title=Special:RecentChangesLinked&hidebots=1&userExpLevel=unregistered&hidemyself=1&hidenondamaging=1&from=20200912180458&target=Module%3ATemplate_test_case%2Fconfig,3
https://en.wikipedia.org/w/index.php?title=Special:RecentChangesLinked&hidecategorization=0&userExpLevel=registered&hidemyself=1&hidebots=0&from=20200912180401&target=Module%3ATemplate_test_case%2Fconfig,1
https://en.wikipedia.org/w/index.php?title=Special:RecentChangesLinked&hidecategorization=0&userExpLevel=registered&hidemyself=1&hidebots=0&hideminor=1&from=20200912180422&target=Module%3ATemplate_test_case%2Fconfig,5
https://en.wikipedia.org/w/index.php?title=Special:RecentChangesLinked&hidecategorization=0&userExpLevel=registered&hidemyself=1&hideminor=1&hidenondamaging=1&limit=250&from=20200912180534&target=Module%3ATemplate_test_case%2Fconfig,1
https://en.wikipedia.org/w/index.php?title=Special:RecentChangesLinked&hidecategorization=1&userExpLevel=registered&hidemyself=1&hidebots=0&hideminor=1&limit=250&from=20200912180600&target=Module%3ATemplate_test_case%2Fconfig,1
https://en.wikipedia.org/w/index.php?title=Special:RecentChangesLinked&hidecategorization=1&userExpLevel=unregistered&hidemyself=1&hidebots=0&hidenondamaging=1&from=20200912180458&target=Module%3ATemplate_test_case%2Fconfig,7
https://en.wikipedia.org/w/index.php?title=Special:RecentChangesLinked&hideminor=0&userExpLevel=registered&hidemyself=1&hidebots=0&from=20200912180401&target=Module%3ATemplate_test_case%2Fconfig,1
https://en.wikipedia.org/w/index.php?title=Special:RecentChangesLinked&hideminor=0&userExpLevel=registered&hidemyself=1&hidebots=0&hidecategorization=0&limit=250&from=20200912180600&target=Module%3ATemplate_test_case%2Fconfig,5
https://en.wikipedia.org/w/index.php?title=Special:RecentChangesLinked&hideminor=0&userExpLevel=registered&hidemyself=1&hidebots=0&hidenondamaging=1&from=20200912180534&target=Module%3ATemplate_test_case%2Fconfig,1
https://en.wikipedia.org/w/index.php?title=Special:RecentChangesLinked&hideminor=1&userExpLevel=registered&hidemyself=1&hidebots=0&from=20200912180401&target=Module%3ATemplate_test_case%2Fconfig,2
https://en.wikipedia.org/w/index.php?title=Special:RecentChangesLinked&hideminor=1&userExpLevel=registered&hidemyself=1&hidebots=0&hidenondamaging=1&from=20200912180534&target=Module%3ATemplate_test_case%2Fconfig,8
https://en.wikipedia.org/w/index.php?title=Special:RecentChangesLinked&hidemyself=0&userExpLevel=registered&hidebots=0&hideWikibase=0&hidenondamaging=1&from=20200912180534&target=Module%3ATemplate_test_case%2Fconfig,1
https://en.wikipedia.org/w/index.php?title=Special:RecentChangesLinked&hidemyself=0&userExpLevel=registered&hideminor=1&hidenondamaging=1&limit=250&from=20200912180534&target=Module%3ATemplate_test_case%2Fconfig,5
https://en.wikipedia.org/w/index.php?title=Special:RecentChangesLinked&hidemyself=1&hideWikibase=0&target=Module%3ATemplate_test_case%2Fconfig,1
https://en.wikipedia.org/w/index.php?title=Special:RecentChangesLinked&hidenondamaging=0&hideWikibase=0&from=20200912180308&target=Module%3ATemplate_test_case%2Fconfig,1
https://en.wikipedia.org/w/index.php?title=Special:RecentChangesLinked&hidenondamaging=0&userExpLevel=registered&hidemyself=1&hidebots=0&from=20200912180402&target=Module%3ATemplate_test_case%2Fconfig,1
https://en.wikipedia.org/w/index.php?title=Special:RecentChangesLinked&hidenondamaging=0&userExpLevel=registered&hidemyself=1&hidebots=0&hidecategorization=0&hideWikibase=0&limit=500&from=20200912180448&target=Module%3ATemplate_test_case%2Fconfig,2
https://en.wikipedia.org/w/index.php?title=Special:RecentChangesLinked&hidenondamaging=0&userExpLevel=registered&hidemyself=1&hidebots=0&hideminor=1&limit=250&from=20200912180534&target=Module%3ATemplate_test_case%2Fconfig,1
https://en.wikipedia.org/w/index.php?title=Special:RecentChangesLinked&hidenondamaging=0&userExpLevel=registered&hidemyself=1&hideminor=1&hidecategorization=0&limit=250&from=20200912180600&target=Module%3ATemplate_test_case%2Fconfig,7
https://en.wikipedia.org/w/index.php?title=Special:RecentChangesLinked&hidenondamaging=0&userExpLevel=unregistered&hidemyself=1&hidebots=0&hidecategorization=0&hideWikibase=0&limit=250&from=20200912180638&target=Module%3ATemplate_test_case%2Fconfig,1
https://en.wikipedia.org/w/index.php?title=Special:RecentChangesLinked&hidenondamaging=1&hideWikibase=0&from=20200912180308&target=Module%3ATemplate_test_case%2Fconfig,3
https://en.wikipedia.org/w/index.php?title=Special:RecentChangesLinked&hidenondamaging=1&userExpLevel=registered&hidemyself=1&hidebots=0&from=20200912180345&target=Module%3ATemplate_test_case%2Fconfig,1
https://en.wikipedia.org/w/index.php?title=Special:RecentChangesLinked&hidenondamaging=1&userExpLevel=registered&hidemyself=1&hidebots=0&hidecategorization=0&from=20200912180421&target=Module%3ATemplate_test_case%2Fconfig,1
https://en.wikipedia.org/w/index.php?title=Special:RecentChangesLinked&hidenondamaging=1&userExpLevel=unregistered&hidemyself=1&hidebots=0&hidecategorization=0&hideWikibase=0&limit=250&from=20200912180638&target=Module%3ATemplate_test_case%2Fconfig,4
https://en.wikipedia.org/w/index.php?title=Special:RecentChangesLinked&limit=250&userExpLevel=registered&hidemyself=1&hidebots=0&hideminor=1&hidenondamaging=1&from=20200912180534&target=Module%3ATemplate_test_case%2Fconfig,5
https://en.wikipedia.org/w/index.php?title=Special:RecentChangesLinked&limit=500&userExpLevel=registered&hidemyself=1&hidebots=0&hidecategorization=0&hidenondamaging=1&from=20200912180432&target=Module%3ATemplate_test_case%2Fconfig,1
https://en.wikipedia.org/w/index.php?title=Special:RecentChangesLinked&userExpLevel=registered&hidemyself=1&hideWikibase=0&hidenondamaging=1&from=20200912180458&target=Module%3ATemplate_test_case%2Fconfig,1
https://en.wikipedia.org/w/index.php?title=Special:RecentChangesLinked&userExpLevel=registered&hidemyself=1&hidebots=0&from=20200912180345&target=Module%3ATemplate_test_case%2Fconfig,6
https://en.wikipedia.org/w/index.php?title=Special:RecentChangesLinked&userExpLevel=registered&hidemyself=1&hidebots=0&hideWikibase=0&from=20200912180329&target=Module%3ATemplate_test_case%2Fconfig,3
https://en.wikipedia.org/w/index.php?title=Special:RecentChangesLinked&userExpLevel=registered&hidemyself=1&hidebots=0&hidenondamaging=1&from=20200912180458&target=Module%3ATemplate_test_case%2Fconfig,1
https://en.wikipedia.org/w/index.php?title=Special:RecentChangesLinked&userExpLevel=unregistered&hidemyself=1&hidebots=0&hidecategorization=0&hideWikibase=0&limit=250&from=20200912180600&target=Module%3ATemplate_test_case%2Fconfig,1
https://en.wikipedia.org/w/index.php?title=Special:RecentChangesLinked&userExpLevel=unregistered&hidemyself=1&hidebots=0&hidecategorization=0&hidenondamaging=1&from=20200912180432&target=Module%3ATemplate_test_case%2Fconfig,1
https://en.wikipedia.org/w/index.php?title=Special:RecentChangesLinked&userExpLevel=unregistered&hidemyself=1&hideminor=1&hidecategorization=0&limit=250&from=20200912180600&target=Module%3ATemplate_test_case%2Fconfig,1
https://en.wikipedia.org/w/index.php?title=Special:WhatLinksHere/Talk:$%27%222&hidelinks=1&hidetrans=1,1
https://en.wikipedia.org/w/index.php?title=Special:WhatLinksHere/Talk:$%27%222&hidetrans=1&hidelinks=1&hideredirs=1,2
https://en.wikipedia.org/w/index.php?title=Special:WhatLinksHere/Talk:Editnotices/Group/User:The_wub&hidelinks=1&hidetrans=1,1
https://en.wikipedia.org/w/index.php?title=Special:WhatLinksHere/Talk:Editnotices/Group/User:The_wub&hidetrans=1&hidelinks=1&hideredirs=1,2
https://en.wikipedia.org/w/index.php?title=Special:WhatLinksHere/Talk:H.A.G.G.%CE%A3.R%3F&hidelinks=1&hidetrans=1,1
https://en.wikipedia.org/w/index.php?title=Special:WhatLinksHere/Talk:H.A.G.G.%CE%A3.R%3F&hidetrans=1&hidelinks=1&hideredirs=1,1
https://en.wikipedia.org/w/index.php?title=Special:WhatLinksHere/Template:Editnotices/Group/User:The_wub&hidelinks=1&hidetrans=1,3
https://en.wikipedia.org/w/index.php?title=Special:WhatLinksHere/Template:Editnotices/Group/User:The_wub&hideredirs=1&hidetrans=1,1
https://en.wikipedia.org/w/index.php?title=Special:WhatLinksHere/Template:Editnotices/Group/User:The_wub&hidetrans=1&hidelinks=1&hideredirs=1,2
https://en.wikipedia.org/w/index.php?title=Special:WhatLinksHere/Template:Https://www.usnews.com/news/world-report/articles/2020-06-26/north-korea-threatens-us-with-nuclear-attack&hidelinks=1&hidetrans=1,2
https://en.wikipedia.org/w/index.php?title=Special:WhatLinksHere/Template_talk:Editnotices/Group/User:The_wub&hideredirs=1,2
https://en.wikipedia.org/w/index.php?title=Special:WhatLinksHere/Template_talk:Editnotices/Group/User:The_wub&hideredirs=1&hidelinks=1,1
https://en.wikipedia.org/w/index.php?title=Special:WhatLinksHere/Template_talk:Editnotices/Page/Ahlul_Bayt_Digital_Islamic_Library_Project&hidelinks=1&hidetrans=1,1
https://en.wikipedia.org/w/index.php?title=Special:WhatLinksHere/Template_talk:Editnotices/Page/User:The_wub/uptop&hidelinks=1&hidetrans=1,1
https://en.wikipedia.org/w/index.php?title=Special:WhatLinksHere/Template_talk:Editnotices/Page/User:The_wub/uptop&hidetrans=1&hidelinks=1&hideredirs=1,2
https://en.wikipedia.org/w/index.php?title=Special:WhatLinksHere/User:Nichalp&hidelinks=1&hidetrans=1,1
https://en.wikipedia.org/w/index.php?title=Special:WhatLinksHere/User:Nichalp&hideredirs=1&hidetrans=1,1
https://en.wikipedia.org/w/index.php?title=Special:WhatLinksHere/User:Tiptoety&hidelinks=1&hidetrans=1,1
https://en.wikipedia.org/w/index.php?title=Special:WhatLinksHere/User_talk:FRANCJALS&hidelinks=1,1
https://en.wikipedia.org/w/index.php?title=Special:WhatLinksHere/User_talk:FRANCJALS&hidelinks=1&hidetrans=1,1
https://en.wikipedia.org/w/index.php?title=Special:WhatLinksHere/User_talk:FRANCJALS&hidetrans=1,1
https://en.wikipedia.org/w/index.php?title=Special:WhatLinksHere/User_talk:Khelben_%22Blackstaff%22_Arunsun&hideredirs=1,2
https://en.wikipedia.org/w/index.php?title=Special:WhatLinksHere/User_talk:Khelben_%22Blackstaff%22_Arunsun&hideredirs=1&hidetrans=1,1
https://en.wikipedia.org/w/index.php?title=Special:WhatLinksHere/User_talk:The_wub/vector.js&hideredirs=1,2
https://en.wikipedia.org/w/index.php?title=Special:WhatLinksHere/User_talk:The_wub/vector.js&hideredirs=1&hidelinks=1,1
https://en.wikipedia.org/w/index.php?title=Special:WhatLinksHere/User_talk:Ymblanter/Editnotice&hideredirs=1,2
https://en.wikipedia.org/w/index.php?title=Special:WhatLinksHere/User_talk:Ymblanter/Editnotice&hideredirs=1&hidetrans=1,1
https://en.wikipedia.org/w/index.php?title=Talk:$%27%222&action=edit&redlink=1,1
https://en.wikipedia.org/w/index.php?title=Talk:$%27%222&action=info,1
https://en.wikipedia.org/w/index.php?title=Talk:Editnotices/Group/User:The_wub&action=edit&redlink=1,1
https://en.wikipedia.org/w/index.php?title=Talk:Editnotices/Group/User:The_wub&action=info,1
https://en.wikipedia.org/w/index.php?title=Talk:Emin_Society&action=edit,1
https://en.wikipedia.org/w/index.php?title=Talk:H.A.G.G.%CE%A3.R%3F&action=info,1
https://en.wikipedia.org/w/index.php?title=Template:Editnotices/Group/User:The_wub&action=info,1
https://en.wikipedia.org/w/index.php?title=Template:Https://www.usnews.com/news/world-report/articles/2020-06-26/north-korea-threatens-us-with-nuclear-attack&action=info,1
https://en.wikipedia.org/w/index.php?title=Template:Pp-semi-indef&action=history,1
https://en.wikipedia.org/w/index.php?title=Template:WikiProject_Userboxes/doc&diff=prev&oldid=363584938,1
https://en.wikipedia.org/w/index.php?title=Template_talk%3AUser_wikipedia%2FWikiSloth&preload=Template%3ASubmit+an+edit+request%2Fpreload&action=edit&section=new&editintro=Template%3AEdit+semi-protected%2Feditintro&preloadtitle=Semi-protected+edit+request+on+12+September+2020&preloadparams%5B%5D=edit+semi-protected&preloadparams%5B%5D=Template%3AUser+wikipedia%2FWikiSloth,1
https://en.wikipedia.org/w/index.php?title=Template_talk:Click&action=info,1
https://en.wikipedia.org/w/index.php?title=Template_talk:Editnotices/Group/User:The_wub&action=edit&redlink=1,1
https://en.wikipedia.org/w/index.php?title=Template_talk:Editnotices/Group/User:The_wub&action=info,1
https://en.wikipedia.org/w/index.php?title=Template_talk:Editnotices/Page/AEV_3_Kodiak&action=edit&redlink=1,1
https://en.wikipedia.org/w/index.php?title=Template_talk:Editnotices/Page/Ahlul_Bayt_Digital_Islamic_Library_Project&action=edit&redlink=1,1
https://en.wikipedia.org/w/index.php?title=Template_talk:Editnotices/Page/Ahlul_Bayt_Digital_Islamic_Library_Project&action=info,1
https://en.wikipedia.org/w/index.php?title=Template_talk:Editnotices/Page/User:The_wub/uptop&action=edit&redlink=1,1
https://en.wikipedia.org/w/index.php?title=Template_talk:Editnotices/Page/User:The_wub/uptop&action=info,1
https://en.wikipedia.org/w/index.php?title=User:Nichalp&action=info,1
https://en.wikipedia.org/w/index.php?title=User:The_wub/uptop&action=edit&oldid=66331496,2
https://en.wikipedia.org/w/index.php?title=User:The_wub/uptop&action=info,1
https://en.wikipedia.org/w/index.php?title=User:Tiptoety&action=info,1
https://en.wikipedia.org/w/index.php?title=User_talk%3AThe_wub%2Fvector.js&preload=Template%3ASubmit+an+edit+request%2Fpreload&action=edit&section=new&editintro=Template%3AEdit+interface-protected%2Feditintro&preloadtitle=Interface-protected+edit+request+on+12+September+2020&preloadparams%5B%5D=edit+interface-protected&preloadparams%5B%5D=User%3AThe+wub%2Fvector.js,1
https://en.wikipedia.org/w/index.php?title=User_talk:FRANCIS.KW&action=edit&redlink=1,1
https://en.wikipedia.org/w/index.php?title=User_talk:FRANCJALS&action=edit&redlink=1,1
https://en.wikipedia.org/w/index.php?title=User_talk:FRANCJALS&action=info,1
https://en.wikipedia.org/w/index.php?title=User_talk:Ymblanter/Editnotice&action=edit&redlink=1,3
https://en.wikipedia.org/w/index.php?title=User_talk:Ymblanter/Editnotice&action=info,1
https://en.wikipedia.org/w/index.php?title=Wikipedia:Rollback/Mainspace_count&action=edit,1
https://en.wikipedia.org/wiki/Category:Sandbox_templates,1
https://en.wikipedia.org/wiki/Editnotices/Group/User:The_wub,1
https://en.wikipedia.org/wiki/H.A.G.G.%CE%A3.R%3F,1
https://en.wikipedia.org/wiki/Nuclear_warfare,1
https://en.wikipedia.org/wiki/Oral_history,1
https://en.wikipedia.org/wiki/Special:Log/IndonesiaSocmedController,1
https://en.wikipedia.org/wiki/Special:RecentChangesLinked/Category:Sandbox_templates,3
https://en.wikipedia.org/wiki/Special:RecentChangesLinked/Module:Category_see_also,1
https://en.wikipedia.org/wiki/Special:RecentChangesLinked/Module:Template_test_case/config,1
https://en.wikipedia.org/wiki/Special:RecentChangesLinked/Module:WikidataCheck,1
https://en.wikipedia.org/wiki/Special:RecentChangesLinked/Template:WikiProject_Userboxes,1
https://en.wikipedia.org/wiki/Special:WhatLinksHere/Talk:$%27%222,3
https://en.wikipedia.org/wiki/Special:WhatLinksHere/Template:WikiProject_Userboxes,1
https://en.wikipedia.org/wiki/Special:WhatLinksHere/Template_talk:Editnotices/Group/User:The_wub,3
https://en.wikipedia.org/wiki/Special:WhatLinksHere/Template_talk:Editnotices/Page/AEV_3_Kodiak,3
https://en.wikipedia.org/wiki/Special:WhatLinksHere/Template_talk:Editnotices/Page/User:The_wub/uptop,3
https://en.wikipedia.org/wiki/Special:WhatLinksHere/User_talk:FRANCJALS,3
https://en.wikipedia.org/wiki/Special:WhatLinksHere/User_talk:Khelben_%22Blackstaff%22_Arunsun,2
https://en.wikipedia.org/wiki/Special:WhatLinksHere/User_talk:The_wub/vector.js,3
https://en.wikipedia.org/wiki/Special:WhatLinksHere/User_talk:Ymblanter/Editnotice,3
https://en.wikipedia.org/wiki/Template:Editnotices/Group/User:The_wub,1
https://en.wikipedia.org/wiki/User:The_wub/vector.js,2
https://en.wikipedia.org/wiki/User:Ymblanter/Editnotice,1
https://en.wikipedia.org/wiki/User_talk:Khelben_%22Blackstaff%22_Arunsun,1
